Sunset-at-River-Islands_Plan-1–Elevation-A-CS-2.jpg,37.801027246047965,-121.32226217171515
Sunset-at-River-Islands_Plan-1–Elevation-B-CS-3.jpg,37.801027246047965,-121.32226217171515
Sunset-at-River-Islands_Plan-1–Elevation-C-CS-1.jpg,37.801027246047965,-121.32226217171515
Sunset-at-River-Islands_Plan-2–Elevation-A-CS-3.jpg,37.801027246047965,-121.32226217171515
Sunset-at-River-Islands_Plan-2–Elevation-B-CS-1.jpg,37.801027246047965,-121.32226217171515
Sunset-at-River-Islands_Plan-2–Elevation-C-CS-1.jpg,37.801027246047965,-121.32226217171515
Sunset-at-River-Islands_Plan-3–Elevation-A-CS-1.jpg,37.801027246047965,-121.32226217171515
Sunset-at-River-Islands_Plan-3–Elevation-B-CS-2.jpg,37.801027246047965,-121.32226217171515
Sunset-at-River-Islands_Plan-3–Elevation-C-CS-3.jpg,37.801027246047965,-121.32226217171515
Sunset-at-River-Islands_Plan-4–Elevation-A-CS-2.jpg,37.801027246047965,-121.32226217171515
Sunset-at-River-Islands_Plan-4–Elevation-B-CS-3.jpg,37.801027246047965,-121.32226217171515
Sunset-at-River-Islands_Plan-4–Elevation-C-CS-1.jpg,37.801027246047965,-121.32226217171515